[
{
  "fields": {
    "VISFACTOR": 0.15,
    "REPEATS": 80,
    "SMALLMEAL": 250,
    "DOGFACTOR": 0.025,
    "KARKASFACTOR": 0.35,
    "LEVERDEEL": 0.4,
    "MEALFACTOR3": 1.5,
    "MEALFACTOR2": 0.2,
    "ORGAANFACTOR": 0.0525,
    "tries": 10,
    "BOTFACTOR": 0.1575,
    "BIGMEAL": 500,
    "MEALFACTOR": 4.0,
    "TESTENV": "../test",
    "MEAL": 500,
    "PENSFACTOR": 0.15,
    "CATFACTOR": 0.035,
    "SPIERFACTOR": 0.14,
    "LIKEFACTOR": 4.0,
    "DESC": "Standaard"
  },
  "model": "wizard.globals",
  "pk": 1
},
{
  "fields": {
    "VISFACTOR": 0.15,
    "REPEATS": 80,
    "SMALLMEAL": 250,
    "DOGFACTOR": 0.025,
    "KARKASFACTOR": 0.35,
    "LEVERDEEL": 0.4,
    "MEALFACTOR3": 1.7,
    "MEALFACTOR2": 0.2,
    "ORGAANFACTOR": 0.0525,
    "tries": 10,
    "BOTFACTOR": 0.1575,
    "BIGMEAL": 500,
    "MEALFACTOR": 4.0,
    "TESTENV": "../test",
    "MEAL": 500,
    "PENSFACTOR": 0.15,
    "CATFACTOR": 0.045,
    "SPIERFACTOR": 0.14,
    "LIKEFACTOR": 4.0,
    "DESC": "Hachi Profiel"
  },
  "model": "wizard.globals",
  "pk": 2
},
{
  "fields": {
    "VISFACTOR": 0.15,
    "REPEATS": 80,
    "SMALLMEAL": 250,
    "DOGFACTOR": 0.025,
    "KARKASFACTOR": 0.35,
    "LEVERDEEL": 0.4,
    "MEALFACTOR3": 1.5,
    "MEALFACTOR2": 0.0,
    "ORGAANFACTOR": 0.0525,
    "tries": 10,
    "BOTFACTOR": 0.1575,
    "BIGMEAL": 500,
    "MEALFACTOR": 4.0,
    "TESTENV": "/home/mshepher/Develop",
    "MEAL": 500,
    "PENSFACTOR": 0.15,
    "CATFACTOR": 0.035,
    "SPIERFACTOR": 0.14,
    "LIKEFACTOR": 4.0,
    "DESC": "profiel voor grote beesten"
  },
  "model": "wizard.globals",
  "pk": 3
},
{
  "fields": {
    "VISFACTOR": 0.15,
    "REPEATS": 80,
    "SMALLMEAL": 250,
    "DOGFACTOR": 0.03,
    "KARKASFACTOR": 0.35,
    "LEVERDEEL": 0.4,
    "MEALFACTOR3": 1.5,
    "MEALFACTOR2": 0.1,
    "ORGAANFACTOR": 0.0525,
    "tries": 10,
    "BOTFACTOR": 0.1575,
    "BIGMEAL": 500,
    "MEALFACTOR": 4.0,
    "TESTENV": "/home/mshepher/Develop",
    "MEAL": 500,
    "PENSFACTOR": 0.15,
    "CATFACTOR": 0.035,
    "SPIERFACTOR": 0.14,
    "LIKEFACTOR": 4.0,
    "DESC": "kleine honden"
  },
  "model": "wizard.globals",
  "pk": 4
},
{
  "fields": {
    "type": "COMBI"
  },
  "model": "wizard.package",
  "pk": 1
},
{
  "fields": {
    "type": "100"
  },
  "model": "wizard.package",
  "pk": 2
},
{
  "fields": {
    "type": "PLUS"
  },
  "model": "wizard.package",
  "pk": 3
},
{
  "fields": {
    "ras": "KAT"
  },
  "model": "wizard.ras",
  "pk": 1
},
{
  "fields": {
    "ras": "HOND"
  },
  "model": "wizard.ras",
  "pk": 2
},
{
  "fields": {
    "name": "bubu"
  },
  "model": "wizard.owner",
  "pk": 11
},
{
  "fields": {
    "name": "Elke Schulting"
  },
  "model": "wizard.owner",
  "pk": 16
},
{
  "fields": {
    "name": "Liesbeth Pels"
  },
  "model": "wizard.owner",
  "pk": 24
},
{
  "fields": {
    "name": "Anne-Krista  Blom"
  },
  "model": "wizard.owner",
  "pk": 28
},
{
  "fields": {
    "name": "Ans Meerding"
  },
  "model": "wizard.owner",
  "pk": 30
},
{
  "fields": {
    "name": "Danielle Wieggers"
  },
  "model": "wizard.owner",
  "pk": 37
},
{
  "fields": {
    "name": "piek stor"
  },
  "model": "wizard.owner",
  "pk": 39
},
{
  "fields": {
    "name": "Nicolle van de Wiel"
  },
  "model": "wizard.owner",
  "pk": 50
},
{
  "fields": {
    "name": "Maria van Luijk"
  },
  "model": "wizard.owner",
  "pk": 102
},
{
  "fields": {
    "name": "Martinique Potharst"
  },
  "model": "wizard.owner",
  "pk": 115
},
{
  "fields": {
    "name": "Jessica Beekwilder "
  },
  "model": "wizard.owner",
  "pk": 127
},
{
  "fields": {
    "name": "Shin Hwang"
  },
  "model": "wizard.owner",
  "pk": 257
},
{
  "fields": {
    "name": "Hugo de Ruiter"
  },
  "model": "wizard.owner",
  "pk": 311
},
{
  "fields": {
    "name": "Ruud Schellen"
  },
  "model": "wizard.owner",
  "pk": 326
},
{
  "fields": {
    "name": "Maartje Daemen"
  },
  "model": "wizard.owner",
  "pk": 331
},
{
  "fields": {
    "name": "Fanoula Koukolis"
  },
  "model": "wizard.owner",
  "pk": 340
},
{
  "fields": {
    "name": "Frederique Horn"
  },
  "model": "wizard.owner",
  "pk": 395
},
{
  "fields": {
    "name": "Jits Metz"
  },
  "model": "wizard.owner",
  "pk": 431
},
{
  "fields": {
    "name": "Anja Piersma"
  },
  "model": "wizard.owner",
  "pk": 432
},
{
  "fields": {
    "name": "Jacqueline Bieringa"
  },
  "model": "wizard.owner",
  "pk": 459
},
{
  "fields": {
    "name": "Gerard Leijdekkers"
  },
  "model": "wizard.owner",
  "pk": 463
},
{
  "fields": {
    "name": "jan Beintema"
  },
  "model": "wizard.owner",
  "pk": 484
},
{
  "fields": {
    "name": "Vincent Haighton"
  },
  "model": "wizard.owner",
  "pk": 511
},
{
  "fields": {
    "name": "Wendy  Kusmus"
  },
  "model": "wizard.owner",
  "pk": 554
},
{
  "fields": {
    "name": "S.G. Dijkgraaf"
  },
  "model": "wizard.owner",
  "pk": 555
},
{
  "fields": {
    "name": "Eleonora Swart"
  },
  "model": "wizard.owner",
  "pk": 556
},
{
  "fields": {
    "name": "Sofie Ruyter"
  },
  "model": "wizard.owner",
  "pk": 559
},
{
  "fields": {
    "name": "Eleonora Swart"
  },
  "model": "wizard.owner",
  "pk": 9999
},
{
  "fields": {
    "profile": 1,
    "name": "Hond van Jessica Beekwilder",
    "weight": "10",
    "ras": 2,
    "factor": 1.0,
    "owner": 127
  },
  "model": "wizard.pet",
  "pk": 5
},
{
  "fields": {
    "profile": 1,
    "name": "Rave",
    "weight": "50",
    "ras": 2,
    "factor": 1.0,
    "owner": 311
  },
  "model": "wizard.pet",
  "pk": 6
},
{
  "fields": {
    "profile": 2,
    "name": "BO",
    "weight": "24.7",
    "ras": 2,
    "factor": 1.0,
    "owner": 102
  },
  "model": "wizard.pet",
  "pk": 7
},
{
  "fields": {
    "profile": 1,
    "name": "Jitske",
    "weight": "24",
    "ras": 2,
    "factor": 1.0,
    "owner": 24
  },
  "model": "wizard.pet",
  "pk": 8
},
{
  "fields": {
    "profile": 1,
    "name": "Dasan",
    "weight": "16",
    "ras": 2,
    "factor": 1.0,
    "owner": 331
  },
  "model": "wizard.pet",
  "pk": 9
},
{
  "fields": {
    "profile": 1,
    "name": "Shadow",
    "weight": "30",
    "ras": 2,
    "factor": 1.0,
    "owner": 459
  },
  "model": "wizard.pet",
  "pk": 10
},
{
  "fields": {
    "profile": 1,
    "name": "Lora",
    "weight": "27",
    "ras": 2,
    "factor": 1.0,
    "owner": 326
  },
  "model": "wizard.pet",
  "pk": 11
},
{
  "fields": {
    "profile": 1,
    "name": "Aude",
    "weight": "13.5",
    "ras": 2,
    "factor": 1.0,
    "owner": 431
  },
  "model": "wizard.pet",
  "pk": 12
},
{
  "fields": {
    "profile": 1,
    "name": "Rover",
    "weight": "4.5",
    "ras": 2,
    "factor": 1.0,
    "owner": 554
  },
  "model": "wizard.pet",
  "pk": 13
},
{
  "fields": {
    "profile": 1,
    "name": "onbekend",
    "weight": "10",
    "ras": 2,
    "factor": 1.0,
    "owner": 127
  },
  "model": "wizard.pet",
  "pk": 14
},
{
  "fields": {
    "profile": 1,
    "name": "niet bekend",
    "weight": "10",
    "ras": 2,
    "factor": 1.0,
    "owner": 24
  },
  "model": "wizard.pet",
  "pk": 15
},
{
  "fields": {
    "profile": 1,
    "name": "tweede van liesbeth",
    "weight": "20",
    "ras": 2,
    "factor": 1.0,
    "owner": 24
  },
  "model": "wizard.pet",
  "pk": 16
},
{
  "fields": {
    "profile": 1,
    "name": "Jones",
    "weight": "5",
    "ras": 2,
    "factor": 1.0,
    "owner": 555
  },
  "model": "wizard.pet",
  "pk": 17
},
{
  "fields": {
    "profile": 1,
    "name": "James",
    "weight": "12",
    "ras": 2,
    "factor": 1.0,
    "owner": 463
  },
  "model": "wizard.pet",
  "pk": 18
},
{
  "fields": {
    "profile": 1,
    "name": "Ben",
    "weight": "17",
    "ras": 2,
    "factor": 1.0,
    "owner": 257
  },
  "model": "wizard.pet",
  "pk": 19
},
{
  "fields": {
    "profile": 1,
    "name": "Bionda en Bailey",
    "weight": "12.5",
    "ras": 2,
    "factor": 1.0,
    "owner": 9999
  },
  "model": "wizard.pet",
  "pk": 20
},
{
  "fields": {
    "profile": 1,
    "name": "Doerak",
    "weight": "8.5",
    "ras": 2,
    "factor": 1.0,
    "owner": 511
  },
  "model": "wizard.pet",
  "pk": 21
},
{
  "fields": {
    "profile": 1,
    "name": "Fred",
    "weight": "9",
    "ras": 2,
    "factor": 1.0,
    "owner": 484
  },
  "model": "wizard.pet",
  "pk": 24
},
{
  "fields": {
    "profile": 1,
    "name": "Tommie en Ayla",
    "weight": "10",
    "ras": 2,
    "factor": 1.0,
    "owner": 432
  },
  "model": "wizard.pet",
  "pk": 25
},
{
  "fields": {
    "profile": 1,
    "name": "BamBam",
    "weight": "4",
    "ras": 1,
    "factor": 1.0,
    "owner": 37
  },
  "model": "wizard.pet",
  "pk": 26
},
{
  "fields": {
    "profile": 1,
    "name": "Moor",
    "weight": "26",
    "ras": 2,
    "factor": 1.0,
    "owner": 28
  },
  "model": "wizard.pet",
  "pk": 27
},
{
  "fields": {
    "profile": 1,
    "name": "Ayla",
    "weight": "23",
    "ras": 2,
    "factor": 1.0,
    "owner": 16
  },
  "model": "wizard.pet",
  "pk": 28
},
{
  "fields": {
    "profile": 1,
    "name": "Bietje",
    "weight": "6",
    "ras": 1,
    "factor": 1.0,
    "owner": 559
  },
  "model": "wizard.pet",
  "pk": 29
},
{
  "fields": {
    "profile": 1,
    "name": "sjaan",
    "weight": "4.5",
    "ras": 2,
    "factor": 1.0,
    "owner": 39
  },
  "model": "wizard.pet",
  "pk": 30
},
{
  "fields": {
    "profile": 1,
    "name": "Tapas",
    "weight": "14",
    "ras": 2,
    "factor": 1.0,
    "owner": 50
  },
  "model": "wizard.pet",
  "pk": 31
},
{
  "fields": {
    "profile": 1,
    "name": "Pita",
    "weight": "16",
    "ras": 2,
    "factor": 1.0,
    "owner": 50
  },
  "model": "wizard.pet",
  "pk": 32
},
{
  "fields": {
    "profile": 1,
    "name": "Jens",
    "weight": "28",
    "ras": 2,
    "factor": 1.0,
    "owner": 30
  },
  "model": "wizard.pet",
  "pk": 33
},
{
  "fields": {
    "profile": 1,
    "name": "Pebbles",
    "weight": "3",
    "ras": 1,
    "factor": 1.0,
    "owner": 37
  },
  "model": "wizard.pet",
  "pk": 34
},
{
  "fields": {
    "status": "processing",
    "weight": "5",
    "package": 2,
    "pet": 26,
    "date": "2015-04-15",
    "owner": 37
  },
  "model": "wizard.order",
  "pk": 1
},
{
  "fields": {
    "status": "processing",
    "weight": "10",
    "package": 1,
    "pet": 8,
    "date": "2015-04-07",
    "owner": 24
  },
  "model": "wizard.order",
  "pk": 2739
},
{
  "fields": {
    "status": "pending",
    "weight": "10",
    "package": 2,
    "pet": 5,
    "date": "2015-04-07",
    "owner": 127
  },
  "model": "wizard.order",
  "pk": 2740
},
{
  "fields": {
    "status": "pending",
    "weight": "10",
    "package": 1,
    "pet": 6,
    "date": "2015-04-07",
    "owner": 311
  },
  "model": "wizard.order",
  "pk": 2742
},
{
  "fields": {
    "status": "pending",
    "weight": "10",
    "package": 2,
    "pet": 7,
    "date": "2015-04-07",
    "owner": 102
  },
  "model": "wizard.order",
  "pk": 2744
},
{
  "fields": {
    "status": "processing",
    "weight": "10",
    "package": 2,
    "pet": 9,
    "date": "2015-04-07",
    "owner": 331
  },
  "model": "wizard.order",
  "pk": 2756
},
{
  "fields": {
    "status": "processing",
    "weight": "10",
    "package": 1,
    "pet": 10,
    "date": "2015-04-07",
    "owner": 459
  },
  "model": "wizard.order",
  "pk": 2757
},
{
  "fields": {
    "status": "processing",
    "weight": "10",
    "package": 2,
    "pet": 11,
    "date": "2015-04-07",
    "owner": 326
  },
  "model": "wizard.order",
  "pk": 2759
},
{
  "fields": {
    "status": "processing",
    "weight": "10",
    "package": 2,
    "pet": 12,
    "date": "2015-04-07",
    "owner": 431
  },
  "model": "wizard.order",
  "pk": 2761
},
{
  "fields": {
    "status": "processing",
    "weight": "10",
    "package": 3,
    "pet": 13,
    "date": "2015-04-07",
    "owner": 554
  },
  "model": "wizard.order",
  "pk": 2762
},
{
  "fields": {
    "status": "processing",
    "weight": "10",
    "package": 3,
    "pet": 17,
    "date": "2015-04-09",
    "owner": 555
  },
  "model": "wizard.order",
  "pk": 2765
},
{
  "fields": {
    "status": "processing",
    "weight": "10",
    "package": 1,
    "pet": 18,
    "date": "2015-04-09",
    "owner": 463
  },
  "model": "wizard.order",
  "pk": 2766
},
{
  "fields": {
    "status": "processing",
    "weight": "10",
    "package": 2,
    "pet": 19,
    "date": "2015-04-09",
    "owner": 257
  },
  "model": "wizard.order",
  "pk": 2771
},
{
  "fields": {
    "status": "processing",
    "weight": "10",
    "package": 1,
    "pet": 20,
    "date": "2015-04-09",
    "owner": 9999
  },
  "model": "wizard.order",
  "pk": 2772
},
{
  "fields": {
    "status": "processing",
    "weight": "10",
    "package": 1,
    "pet": 21,
    "date": "2015-04-09",
    "owner": 511
  },
  "model": "wizard.order",
  "pk": 2775
},
{
  "fields": {
    "status": "processing",
    "weight": "10",
    "package": 1,
    "pet": 29,
    "date": "2015-04-11",
    "owner": 559
  },
  "model": "wizard.order",
  "pk": 2779
},
{
  "fields": {
    "status": "pending",
    "weight": "10",
    "package": 1,
    "pet": 6,
    "date": "2015-04-11",
    "owner": 311
  },
  "model": "wizard.order",
  "pk": 2782
},
{
  "fields": {
    "status": "pending",
    "weight": "10",
    "package": 1,
    "pet": 24,
    "date": "2015-04-11",
    "owner": 484
  },
  "model": "wizard.order",
  "pk": 2783
},
{
  "fields": {
    "status": "pending",
    "weight": "10",
    "package": 1,
    "pet": 25,
    "date": "2015-04-11",
    "owner": 432
  },
  "model": "wizard.order",
  "pk": 2784
},
{
  "fields": {
    "status": "pending",
    "weight": "5",
    "package": 2,
    "pet": 34,
    "date": "2015-04-11",
    "owner": 37
  },
  "model": "wizard.order",
  "pk": 2785
},
{
  "fields": {
    "status": "pending",
    "weight": "10",
    "package": 2,
    "pet": 27,
    "date": "2015-04-11",
    "owner": 28
  },
  "model": "wizard.order",
  "pk": 2786
},
{
  "fields": {
    "status": "processing",
    "weight": "10",
    "package": 3,
    "pet": 30,
    "date": "2015-04-11",
    "owner": 39
  },
  "model": "wizard.order",
  "pk": 2787
},
{
  "fields": {
    "status": "pending",
    "weight": "10",
    "package": 2,
    "pet": 28,
    "date": "2015-04-11",
    "owner": 16
  },
  "model": "wizard.order",
  "pk": 2788
},
{
  "fields": {
    "status": "pending",
    "weight": "10",
    "package": 3,
    "pet": 15,
    "date": "2015-04-11",
    "owner": 340
  },
  "model": "wizard.order",
  "pk": 2790
},
{
  "fields": {
    "status": "processing",
    "weight": "10",
    "package": 2,
    "pet": 15,
    "date": "2015-04-14",
    "owner": 115
  },
  "model": "wizard.order",
  "pk": 2795
},
{
  "fields": {
    "status": "processing",
    "weight": "10",
    "package": 2,
    "pet": 15,
    "date": "2015-04-14",
    "owner": 395
  },
  "model": "wizard.order",
  "pk": 2797
},
{
  "fields": {
    "status": "processing",
    "weight": "10",
    "package": 1,
    "pet": 25,
    "date": "2015-04-14",
    "owner": 432
  },
  "model": "wizard.order",
  "pk": 2798
},
{
  "fields": {
    "status": "processing",
    "weight": "10",
    "package": 2,
    "pet": 31,
    "date": "2015-04-14",
    "owner": 50
  },
  "model": "wizard.order",
  "pk": 2803
},
{
  "fields": {
    "status": "processing",
    "weight": "10",
    "package": 3,
    "pet": 33,
    "date": "2015-04-14",
    "owner": 30
  },
  "model": "wizard.order",
  "pk": 2805
},
{
  "fields": {
    "is_big": false,
    "is_fish": true,
    "taste": "VIS",
    "is_small": false,
    "is_organ": false,
    "is_fishhead": false,
    "is_fowl": false,
    "is_else": false,
    "is_liver": false
  },
  "model": "wizard.taste",
  "pk": 83
},
{
  "fields": {
    "is_big": false,
    "is_fish": true,
    "taste": "KABELJAUW",
    "is_small": false,
    "is_organ": false,
    "is_fishhead": false,
    "is_fowl": false,
    "is_else": false,
    "is_liver": false
  },
  "model": "wizard.taste",
  "pk": 84
},
{
  "fields": {
    "is_big": false,
    "is_fish": true,
    "taste": "HARING",
    "is_small": false,
    "is_organ": false,
    "is_fishhead": false,
    "is_fowl": false,
    "is_else": false,
    "is_liver": false
  },
  "model": "wizard.taste",
  "pk": 85
},
{
  "fields": {
    "is_big": false,
    "is_fish": true,
    "taste": "KRAB",
    "is_small": false,
    "is_organ": false,
    "is_fishhead": false,
    "is_fowl": false,
    "is_else": false,
    "is_liver": false
  },
  "model": "wizard.taste",
  "pk": 86
},
{
  "fields": {
    "is_big": false,
    "is_fish": true,
    "taste": "KREEFT",
    "is_small": false,
    "is_organ": false,
    "is_fishhead": false,
    "is_fowl": false,
    "is_else": false,
    "is_liver": false
  },
  "model": "wizard.taste",
  "pk": 87
},
{
  "fields": {
    "is_big": false,
    "is_fish": true,
    "taste": "MAKREEL",
    "is_small": false,
    "is_organ": false,
    "is_fishhead": false,
    "is_fowl": false,
    "is_else": false,
    "is_liver": false
  },
  "model": "wizard.taste",
  "pk": 88
},
{
  "fields": {
    "is_big": false,
    "is_fish": true,
    "taste": "MEERVAL",
    "is_small": false,
    "is_organ": false,
    "is_fishhead": false,
    "is_fowl": false,
    "is_else": false,
    "is_liver": false
  },
  "model": "wizard.taste",
  "pk": 89
},
{
  "fields": {
    "is_big": false,
    "is_fish": true,
    "taste": "ROODBAARS",
    "is_small": false,
    "is_organ": false,
    "is_fishhead": false,
    "is_fowl": false,
    "is_else": false,
    "is_liver": false
  },
  "model": "wizard.taste",
  "pk": 90
},
{
  "fields": {
    "is_big": false,
    "is_fish": true,
    "taste": "SCHOL",
    "is_small": false,
    "is_organ": false,
    "is_fishhead": false,
    "is_fowl": false,
    "is_else": false,
    "is_liver": false
  },
  "model": "wizard.taste",
  "pk": 91
},
{
  "fields": {
    "is_big": false,
    "is_fish": true,
    "taste": "ZALM",
    "is_small": false,
    "is_organ": false,
    "is_fishhead": false,
    "is_fowl": false,
    "is_else": false,
    "is_liver": false
  },
  "model": "wizard.taste",
  "pk": 92
},
{
  "fields": {
    "is_big": false,
    "is_fish": true,
    "taste": "KABELJAUW.KOP",
    "is_small": false,
    "is_organ": false,
    "is_fishhead": false,
    "is_fowl": false,
    "is_else": false,
    "is_liver": false
  },
  "model": "wizard.taste",
  "pk": 93
},
{
  "fields": {
    "is_big": false,
    "is_fish": true,
    "taste": "ROODBAARS.KOP",
    "is_small": false,
    "is_organ": false,
    "is_fishhead": false,
    "is_fowl": false,
    "is_else": false,
    "is_liver": false
  },
  "model": "wizard.taste",
  "pk": 94
},
{
  "fields": {
    "is_big": false,
    "is_fish": true,
    "taste": "ZALM.KOP",
    "is_small": false,
    "is_organ": false,
    "is_fishhead": false,
    "is_fowl": false,
    "is_else": false,
    "is_liver": false
  },
  "model": "wizard.taste",
  "pk": 95
},
{
  "fields": {
    "is_big": false,
    "is_fish": true,
    "taste": "HEEK",
    "is_small": false,
    "is_organ": false,
    "is_fishhead": false,
    "is_fowl": false,
    "is_else": false,
    "is_liver": false
  },
  "model": "wizard.taste",
  "pk": 96
},
{
  "fields": {
    "is_big": false,
    "is_fish": false,
    "taste": "DUIF",
    "is_small": false,
    "is_organ": false,
    "is_fishhead": false,
    "is_fowl": true,
    "is_else": false,
    "is_liver": false
  },
  "model": "wizard.taste",
  "pk": 97
},
{
  "fields": {
    "is_big": false,
    "is_fish": false,
    "taste": "EEND",
    "is_small": false,
    "is_organ": false,
    "is_fishhead": false,
    "is_fowl": true,
    "is_else": false,
    "is_liver": false
  },
  "model": "wizard.taste",
  "pk": 98
},
{
  "fields": {
    "is_big": false,
    "is_fish": false,
    "taste": "FAZANT",
    "is_small": false,
    "is_organ": false,
    "is_fishhead": false,
    "is_fowl": true,
    "is_else": false,
    "is_liver": false
  },
  "model": "wizard.taste",
  "pk": 99
},
{
  "fields": {
    "is_big": false,
    "is_fish": false,
    "taste": "GANS",
    "is_small": false,
    "is_organ": false,
    "is_fishhead": false,
    "is_fowl": true,
    "is_else": false,
    "is_liver": false
  },
  "model": "wizard.taste",
  "pk": 100
},
{
  "fields": {
    "is_big": false,
    "is_fish": false,
    "taste": "KALKOEN",
    "is_small": false,
    "is_organ": false,
    "is_fishhead": false,
    "is_fowl": true,
    "is_else": false,
    "is_liver": false
  },
  "model": "wizard.taste",
  "pk": 101
},
{
  "fields": {
    "is_big": false,
    "is_fish": false,
    "taste": "KIP",
    "is_small": false,
    "is_organ": false,
    "is_fishhead": false,
    "is_fowl": true,
    "is_else": false,
    "is_liver": false
  },
  "model": "wizard.taste",
  "pk": 102
},
{
  "fields": {
    "is_big": false,
    "is_fish": false,
    "taste": "KWARTEL",
    "is_small": false,
    "is_organ": false,
    "is_fishhead": false,
    "is_fowl": true,
    "is_else": false,
    "is_liver": false
  },
  "model": "wizard.taste",
  "pk": 103
},
{
  "fields": {
    "is_big": false,
    "is_fish": false,
    "taste": "PARELHOEN",
    "is_small": false,
    "is_organ": false,
    "is_fishhead": false,
    "is_fowl": true,
    "is_else": false,
    "is_liver": false
  },
  "model": "wizard.taste",
  "pk": 104
},
{
  "fields": {
    "is_big": false,
    "is_fish": false,
    "taste": "PATRIJS",
    "is_small": false,
    "is_organ": false,
    "is_fishhead": false,
    "is_fowl": true,
    "is_else": false,
    "is_liver": false
  },
  "model": "wizard.taste",
  "pk": 105
},
{
  "fields": {
    "is_big": true,
    "is_fish": false,
    "taste": "HERT",
    "is_small": false,
    "is_organ": false,
    "is_fishhead": false,
    "is_fowl": false,
    "is_else": false,
    "is_liver": false
  },
  "model": "wizard.taste",
  "pk": 106
},
{
  "fields": {
    "is_big": true,
    "is_fish": false,
    "taste": "PAARD",
    "is_small": false,
    "is_organ": false,
    "is_fishhead": false,
    "is_fowl": false,
    "is_else": false,
    "is_liver": false
  },
  "model": "wizard.taste",
  "pk": 107
},
{
  "fields": {
    "is_big": true,
    "is_fish": false,
    "taste": "REE",
    "is_small": false,
    "is_organ": false,
    "is_fishhead": false,
    "is_fowl": false,
    "is_else": false,
    "is_liver": false
  },
  "model": "wizard.taste",
  "pk": 108
},
{
  "fields": {
    "is_big": true,
    "is_fish": false,
    "taste": "RUND",
    "is_small": false,
    "is_organ": false,
    "is_fishhead": false,
    "is_fowl": false,
    "is_else": false,
    "is_liver": false
  },
  "model": "wizard.taste",
  "pk": 109
},
{
  "fields": {
    "is_big": false,
    "is_fish": false,
    "taste": "GEIT",
    "is_small": true,
    "is_organ": false,
    "is_fishhead": false,
    "is_fowl": false,
    "is_else": false,
    "is_liver": false
  },
  "model": "wizard.taste",
  "pk": 110
},
{
  "fields": {
    "is_big": false,
    "is_fish": false,
    "taste": "HAAS",
    "is_small": true,
    "is_organ": false,
    "is_fishhead": false,
    "is_fowl": false,
    "is_else": false,
    "is_liver": false
  },
  "model": "wizard.taste",
  "pk": 111
},
{
  "fields": {
    "is_big": false,
    "is_fish": false,
    "taste": "KONIJN",
    "is_small": true,
    "is_organ": false,
    "is_fishhead": false,
    "is_fowl": false,
    "is_else": false,
    "is_liver": false
  },
  "model": "wizard.taste",
  "pk": 112
},
{
  "fields": {
    "is_big": false,
    "is_fish": false,
    "taste": "LAM",
    "is_small": true,
    "is_organ": false,
    "is_fishhead": false,
    "is_fowl": false,
    "is_else": false,
    "is_liver": false
  },
  "model": "wizard.taste",
  "pk": 113
},
{
  "fields": {
    "is_big": false,
    "is_fish": false,
    "taste": "SCHAAP",
    "is_small": true,
    "is_organ": false,
    "is_fishhead": false,
    "is_fowl": false,
    "is_else": false,
    "is_liver": false
  },
  "model": "wizard.taste",
  "pk": 114
},
{
  "fields": {
    "is_big": false,
    "is_fish": false,
    "taste": "KIP.HART",
    "is_small": false,
    "is_organ": true,
    "is_fishhead": false,
    "is_fowl": false,
    "is_else": false,
    "is_liver": false
  },
  "model": "wizard.taste",
  "pk": 115
},
{
  "fields": {
    "is_big": false,
    "is_fish": false,
    "taste": "KALKOEN.HART",
    "is_small": false,
    "is_organ": true,
    "is_fishhead": false,
    "is_fowl": false,
    "is_else": false,
    "is_liver": false
  },
  "model": "wizard.taste",
  "pk": 116
},
{
  "fields": {
    "is_big": false,
    "is_fish": false,
    "taste": "HERT.HART",
    "is_small": false,
    "is_organ": true,
    "is_fishhead": false,
    "is_fowl": false,
    "is_else": false,
    "is_liver": false
  },
  "model": "wizard.taste",
  "pk": 117
},
{
  "fields": {
    "is_big": false,
    "is_fish": false,
    "taste": "PAARD.HART",
    "is_small": false,
    "is_organ": true,
    "is_fishhead": false,
    "is_fowl": false,
    "is_else": false,
    "is_liver": false
  },
  "model": "wizard.taste",
  "pk": 118
},
{
  "fields": {
    "is_big": false,
    "is_fish": false,
    "taste": "RUND.HART",
    "is_small": false,
    "is_organ": true,
    "is_fishhead": false,
    "is_fowl": false,
    "is_else": false,
    "is_liver": false
  },
  "model": "wizard.taste",
  "pk": 119
},
{
  "fields": {
    "is_big": false,
    "is_fish": false,
    "taste": "GEIT.HART",
    "is_small": false,
    "is_organ": true,
    "is_fishhead": false,
    "is_fowl": false,
    "is_else": false,
    "is_liver": false
  },
  "model": "wizard.taste",
  "pk": 120
},
{
  "fields": {
    "is_big": false,
    "is_fish": false,
    "taste": "LAM.HART",
    "is_small": false,
    "is_organ": true,
    "is_fishhead": false,
    "is_fowl": false,
    "is_else": false,
    "is_liver": false
  },
  "model": "wizard.taste",
  "pk": 121
},
{
  "fields": {
    "is_big": false,
    "is_fish": false,
    "taste": "SCHAAP.HART",
    "is_small": false,
    "is_organ": true,
    "is_fishhead": false,
    "is_fowl": false,
    "is_else": false,
    "is_liver": false
  },
  "model": "wizard.taste",
  "pk": 122
},
{
  "fields": {
    "is_big": false,
    "is_fish": false,
    "taste": "KIP.LEVER",
    "is_small": false,
    "is_organ": true,
    "is_fishhead": false,
    "is_fowl": false,
    "is_else": false,
    "is_liver": true
  },
  "model": "wizard.taste",
  "pk": 123
},
{
  "fields": {
    "is_big": false,
    "is_fish": false,
    "taste": "KALKOEN.LEVER",
    "is_small": false,
    "is_organ": true,
    "is_fishhead": false,
    "is_fowl": false,
    "is_else": false,
    "is_liver": true
  },
  "model": "wizard.taste",
  "pk": 124
},
{
  "fields": {
    "is_big": false,
    "is_fish": false,
    "taste": "HERT.LEVER",
    "is_small": false,
    "is_organ": true,
    "is_fishhead": false,
    "is_fowl": false,
    "is_else": false,
    "is_liver": true
  },
  "model": "wizard.taste",
  "pk": 125
},
{
  "fields": {
    "is_big": false,
    "is_fish": false,
    "taste": "PAARD.LEVER",
    "is_small": false,
    "is_organ": true,
    "is_fishhead": false,
    "is_fowl": false,
    "is_else": false,
    "is_liver": true
  },
  "model": "wizard.taste",
  "pk": 126
},
{
  "fields": {
    "is_big": false,
    "is_fish": false,
    "taste": "RUND.LEVER",
    "is_small": false,
    "is_organ": true,
    "is_fishhead": false,
    "is_fowl": false,
    "is_else": false,
    "is_liver": true
  },
  "model": "wizard.taste",
  "pk": 127
},
{
  "fields": {
    "is_big": false,
    "is_fish": false,
    "taste": "GEIT.LEVER",
    "is_small": false,
    "is_organ": true,
    "is_fishhead": false,
    "is_fowl": false,
    "is_else": false,
    "is_liver": true
  },
  "model": "wizard.taste",
  "pk": 128
},
{
  "fields": {
    "is_big": false,
    "is_fish": false,
    "taste": "LAM.LEVER",
    "is_small": false,
    "is_organ": true,
    "is_fishhead": false,
    "is_fowl": false,
    "is_else": false,
    "is_liver": true
  },
  "model": "wizard.taste",
  "pk": 129
},
{
  "fields": {
    "is_big": false,
    "is_fish": false,
    "taste": "SCHAAP.LEVER",
    "is_small": false,
    "is_organ": true,
    "is_fishhead": false,
    "is_fowl": false,
    "is_else": false,
    "is_liver": true
  },
  "model": "wizard.taste",
  "pk": 130
},
{
  "fields": {
    "is_big": false,
    "is_fish": false,
    "taste": "KIP.MAAG",
    "is_small": false,
    "is_organ": true,
    "is_fishhead": false,
    "is_fowl": false,
    "is_else": false,
    "is_liver": false
  },
  "model": "wizard.taste",
  "pk": 131
},
{
  "fields": {
    "is_big": false,
    "is_fish": false,
    "taste": "KALKOEN.MAAG",
    "is_small": false,
    "is_organ": true,
    "is_fishhead": false,
    "is_fowl": false,
    "is_else": false,
    "is_liver": false
  },
  "model": "wizard.taste",
  "pk": 132
},
{
  "fields": {
    "is_big": false,
    "is_fish": false,
    "taste": "HERT.MAAG",
    "is_small": false,
    "is_organ": true,
    "is_fishhead": false,
    "is_fowl": false,
    "is_else": false,
    "is_liver": false
  },
  "model": "wizard.taste",
  "pk": 133
},
{
  "fields": {
    "is_big": false,
    "is_fish": false,
    "taste": "PAARD.MAAG",
    "is_small": false,
    "is_organ": true,
    "is_fishhead": false,
    "is_fowl": false,
    "is_else": false,
    "is_liver": false
  },
  "model": "wizard.taste",
  "pk": 134
},
{
  "fields": {
    "is_big": false,
    "is_fish": false,
    "taste": "RUND.MAAG",
    "is_small": false,
    "is_organ": true,
    "is_fishhead": false,
    "is_fowl": false,
    "is_else": false,
    "is_liver": false
  },
  "model": "wizard.taste",
  "pk": 135
},
{
  "fields": {
    "is_big": false,
    "is_fish": false,
    "taste": "GEIT.MAAG",
    "is_small": false,
    "is_organ": true,
    "is_fishhead": false,
    "is_fowl": false,
    "is_else": false,
    "is_liver": false
  },
  "model": "wizard.taste",
  "pk": 136
},
{
  "fields": {
    "is_big": false,
    "is_fish": false,
    "taste": "LAM.MAAG",
    "is_small": false,
    "is_organ": true,
    "is_fishhead": false,
    "is_fowl": false,
    "is_else": false,
    "is_liver": false
  },
  "model": "wizard.taste",
  "pk": 137
},
{
  "fields": {
    "is_big": false,
    "is_fish": false,
    "taste": "SCHAAP.MAAG",
    "is_small": false,
    "is_organ": true,
    "is_fishhead": false,
    "is_fowl": false,
    "is_else": false,
    "is_liver": false
  },
  "model": "wizard.taste",
  "pk": 138
},
{
  "fields": {
    "is_big": false,
    "is_fish": false,
    "taste": "KIP.NIER",
    "is_small": false,
    "is_organ": true,
    "is_fishhead": false,
    "is_fowl": false,
    "is_else": false,
    "is_liver": false
  },
  "model": "wizard.taste",
  "pk": 139
},
{
  "fields": {
    "is_big": false,
    "is_fish": false,
    "taste": "KALKOEN.NIER",
    "is_small": false,
    "is_organ": true,
    "is_fishhead": false,
    "is_fowl": false,
    "is_else": false,
    "is_liver": false
  },
  "model": "wizard.taste",
  "pk": 140
},
{
  "fields": {
    "is_big": false,
    "is_fish": false,
    "taste": "HERT.NIER",
    "is_small": false,
    "is_organ": true,
    "is_fishhead": false,
    "is_fowl": false,
    "is_else": false,
    "is_liver": false
  },
  "model": "wizard.taste",
  "pk": 141
},
{
  "fields": {
    "is_big": false,
    "is_fish": false,
    "taste": "PAARD.NIER",
    "is_small": false,
    "is_organ": true,
    "is_fishhead": false,
    "is_fowl": false,
    "is_else": false,
    "is_liver": false
  },
  "model": "wizard.taste",
  "pk": 142
},
{
  "fields": {
    "is_big": false,
    "is_fish": false,
    "taste": "RUND.NIER",
    "is_small": false,
    "is_organ": true,
    "is_fishhead": false,
    "is_fowl": false,
    "is_else": false,
    "is_liver": false
  },
  "model": "wizard.taste",
  "pk": 143
},
{
  "fields": {
    "is_big": false,
    "is_fish": false,
    "taste": "GEIT.NIER",
    "is_small": false,
    "is_organ": true,
    "is_fishhead": false,
    "is_fowl": false,
    "is_else": false,
    "is_liver": false
  },
  "model": "wizard.taste",
  "pk": 144
},
{
  "fields": {
    "is_big": false,
    "is_fish": false,
    "taste": "LAM.NIER",
    "is_small": false,
    "is_organ": true,
    "is_fishhead": false,
    "is_fowl": false,
    "is_else": false,
    "is_liver": false
  },
  "model": "wizard.taste",
  "pk": 145
},
{
  "fields": {
    "is_big": false,
    "is_fish": false,
    "taste": "SCHAAP.NIER",
    "is_small": false,
    "is_organ": true,
    "is_fishhead": false,
    "is_fowl": false,
    "is_else": false,
    "is_liver": false
  },
  "model": "wizard.taste",
  "pk": 146
},
{
  "fields": {
    "is_big": false,
    "is_fish": false,
    "taste": "GEIT.ORGAANMALING",
    "is_small": false,
    "is_organ": true,
    "is_fishhead": false,
    "is_fowl": false,
    "is_else": false,
    "is_liver": false
  },
  "model": "wizard.taste",
  "pk": 147
},
{
  "fields": {
    "is_big": false,
    "is_fish": false,
    "taste": "LAM.PENS",
    "is_small": false,
    "is_organ": false,
    "is_fishhead": false,
    "is_fowl": false,
    "is_else": true,
    "is_liver": false
  },
  "model": "wizard.taste",
  "pk": 148
},
{
  "fields": {
    "is_big": false,
    "is_fish": false,
    "taste": "RUND.PENS",
    "is_small": false,
    "is_organ": false,
    "is_fishhead": false,
    "is_fowl": false,
    "is_else": true,
    "is_liver": false
  },
  "model": "wizard.taste",
  "pk": 149
},
{
  "fields": {
    "is_big": false,
    "is_fish": false,
    "taste": "GEIT.PENS",
    "is_small": false,
    "is_organ": false,
    "is_fishhead": false,
    "is_fowl": false,
    "is_else": true,
    "is_liver": false
  },
  "model": "wizard.taste",
  "pk": 150
},
{
  "fields": {
    "is_big": false,
    "is_fish": false,
    "taste": "PENS",
    "is_small": false,
    "is_organ": false,
    "is_fishhead": false,
    "is_fowl": false,
    "is_else": true,
    "is_liver": false
  },
  "model": "wizard.taste",
  "pk": 151
},
{
  "fields": {
    "is_big": false,
    "is_fish": false,
    "taste": "HARD BOT",
    "is_small": false,
    "is_organ": false,
    "is_fishhead": false,
    "is_fowl": false,
    "is_else": true,
    "is_liver": false
  },
  "model": "wizard.taste",
  "pk": 152
},
{
  "fields": {
    "is_big": false,
    "is_fish": false,
    "taste": "MIDDEL BOT",
    "is_small": false,
    "is_organ": false,
    "is_fishhead": false,
    "is_fowl": false,
    "is_else": true,
    "is_liver": false
  },
  "model": "wizard.taste",
  "pk": 153
},
{
  "fields": {
    "is_big": false,
    "is_fish": false,
    "taste": "ZACHT BOT",
    "is_small": false,
    "is_organ": false,
    "is_fishhead": false,
    "is_fowl": false,
    "is_else": true,
    "is_liver": false
  },
  "model": "wizard.taste",
  "pk": 154
},
{
  "fields": {
    "is_big": false,
    "is_fish": false,
    "taste": "COMPLEET KARKAS.ZACHT BOT",
    "is_small": false,
    "is_organ": false,
    "is_fishhead": false,
    "is_fowl": false,
    "is_else": true,
    "is_liver": false
  },
  "model": "wizard.taste",
  "pk": 155
},
{
  "fields": {
    "is_big": false,
    "is_fish": false,
    "taste": "COMPLEET KARKAS.MIDDEL BOT",
    "is_small": false,
    "is_organ": false,
    "is_fishhead": false,
    "is_fowl": false,
    "is_else": true,
    "is_liver": false
  },
  "model": "wizard.taste",
  "pk": 156
},
{
  "fields": {
    "is_big": false,
    "is_fish": false,
    "taste": "COMPLEET KARKAS.HARD BOT",
    "is_small": false,
    "is_organ": false,
    "is_fishhead": false,
    "is_fowl": false,
    "is_else": true,
    "is_liver": false
  },
  "model": "wizard.taste",
  "pk": 157
},
{
  "fields": {
    "is_big": false,
    "is_fish": false,
    "taste": "EEND.HART",
    "is_small": false,
    "is_organ": true,
    "is_fishhead": false,
    "is_fowl": false,
    "is_else": false,
    "is_liver": false
  },
  "model": "wizard.taste",
  "pk": 158
},
{
  "fields": {
    "is_big": false,
    "is_fish": false,
    "taste": "EEND.MAAG",
    "is_small": false,
    "is_organ": true,
    "is_fishhead": false,
    "is_fowl": false,
    "is_else": false,
    "is_liver": false
  },
  "model": "wizard.taste",
  "pk": 159
},
{
  "fields": {
    "is_big": false,
    "is_fish": false,
    "taste": "HAAS , HERT",
    "is_small": true,
    "is_organ": false,
    "is_fishhead": false,
    "is_fowl": false,
    "is_else": false,
    "is_liver": false
  },
  "model": "wizard.taste",
  "pk": 160
},
{
  "fields": {
    "is_big": true,
    "is_fish": false,
    "taste": "KIP , RUND",
    "is_small": false,
    "is_organ": false,
    "is_fishhead": false,
    "is_fowl": true,
    "is_else": false,
    "is_liver": false
  },
  "model": "wizard.taste",
  "pk": 161
},
{
  "fields": {
    "is_big": false,
    "is_fish": true,
    "taste": "SARDIEN",
    "is_small": false,
    "is_organ": false,
    "is_fishhead": false,
    "is_fowl": false,
    "is_else": false,
    "is_liver": false
  },
  "model": "wizard.taste",
  "pk": 162
},
{
  "fields": {
    "is_big": true,
    "is_fish": false,
    "taste": "BOT.NEK.RUND",
    "is_small": false,
    "is_organ": false,
    "is_fishhead": false,
    "is_fowl": false,
    "is_else": true,
    "is_liver": false
  },
  "model": "wizard.taste",
  "pk": 163
},
{
  "fields": {
    "is_spier": false,
    "is_pens": false,
    "is_fish": true,
    "is_bot": false,
    "is_karkas": false,
    "is_gemalen": false,
    "is_orgaan": false,
    "meat_type": "VIS"
  },
  "model": "wizard.meattype",
  "pk": 3
},
{
  "fields": {
    "is_spier": false,
    "is_pens": false,
    "is_fish": true,
    "is_bot": false,
    "is_karkas": false,
    "is_gemalen": false,
    "is_orgaan": false,
    "meat_type": "GEMALEN VIS"
  },
  "model": "wizard.meattype",
  "pk": 4
},
{
  "fields": {
    "is_spier": false,
    "is_pens": true,
    "is_fish": false,
    "is_bot": false,
    "is_karkas": false,
    "is_gemalen": false,
    "is_orgaan": false,
    "meat_type": "PENS"
  },
  "model": "wizard.meattype",
  "pk": 5
},
{
  "fields": {
    "is_spier": true,
    "is_pens": false,
    "is_fish": false,
    "is_bot": false,
    "is_karkas": false,
    "is_gemalen": false,
    "is_orgaan": false,
    "meat_type": "SPIERVLEES"
  },
  "model": "wizard.meattype",
  "pk": 6
},
{
  "fields": {
    "is_spier": false,
    "is_pens": false,
    "is_fish": false,
    "is_bot": true,
    "is_karkas": false,
    "is_gemalen": false,
    "is_orgaan": false,
    "meat_type": "ZACHT BOT"
  },
  "model": "wizard.meattype",
  "pk": 7
},
{
  "fields": {
    "is_spier": false,
    "is_pens": false,
    "is_fish": false,
    "is_bot": true,
    "is_karkas": false,
    "is_gemalen": false,
    "is_orgaan": false,
    "meat_type": "MIDDEL BOT"
  },
  "model": "wizard.meattype",
  "pk": 8
},
{
  "fields": {
    "is_spier": false,
    "is_pens": false,
    "is_fish": false,
    "is_bot": true,
    "is_karkas": false,
    "is_gemalen": false,
    "is_orgaan": false,
    "meat_type": "HARD BOT"
  },
  "model": "wizard.meattype",
  "pk": 9
},
{
  "fields": {
    "is_spier": false,
    "is_pens": false,
    "is_fish": false,
    "is_bot": false,
    "is_karkas": true,
    "is_gemalen": false,
    "is_orgaan": false,
    "meat_type": "COMPLEET KARKAS"
  },
  "model": "wizard.meattype",
  "pk": 10
},
{
  "fields": {
    "is_spier": false,
    "is_pens": false,
    "is_fish": false,
    "is_bot": false,
    "is_karkas": true,
    "is_gemalen": false,
    "is_orgaan": false,
    "meat_type": "COMPLEET KARKAS.ZACHT BOT"
  },
  "model": "wizard.meattype",
  "pk": 11
},
{
  "fields": {
    "is_spier": false,
    "is_pens": false,
    "is_fish": false,
    "is_bot": false,
    "is_karkas": true,
    "is_gemalen": false,
    "is_orgaan": false,
    "meat_type": "COMPLEET KARKAS.MIDDEL BOT"
  },
  "model": "wizard.meattype",
  "pk": 12
},
{
  "fields": {
    "is_spier": false,
    "is_pens": false,
    "is_fish": false,
    "is_bot": false,
    "is_karkas": true,
    "is_gemalen": false,
    "is_orgaan": false,
    "meat_type": "COMPLEET KARKAS.HARD BOT"
  },
  "model": "wizard.meattype",
  "pk": 13
},
{
  "fields": {
    "is_spier": false,
    "is_pens": false,
    "is_fish": false,
    "is_bot": false,
    "is_karkas": false,
    "is_gemalen": false,
    "is_orgaan": true,
    "meat_type": "ORGAAN"
  },
  "model": "wizard.meattype",
  "pk": 14
},
{
  "fields": {
    "is_spier": false,
    "is_pens": false,
    "is_fish": false,
    "is_bot": false,
    "is_karkas": false,
    "is_gemalen": false,
    "is_orgaan": false,
    "meat_type": "COMPLEET GEMALEN"
  },
  "model": "wizard.meattype",
  "pk": 15
},
{
  "fields": {
    "pet": 17,
    "taste": 83
  },
  "model": "wizard.donts",
  "pk": 41
},
{
  "fields": {
    "pet": 17,
    "taste": 106
  },
  "model": "wizard.donts",
  "pk": 42
},
{
  "fields": {
    "pet": 17,
    "taste": 148
  },
  "model": "wizard.donts",
  "pk": 43
},
{
  "fields": {
    "pet": 8,
    "taste": 100
  },
  "model": "wizard.donts",
  "pk": 45
},
{
  "fields": {
    "pet": 8,
    "taste": 113
  },
  "model": "wizard.donts",
  "pk": 46
},
{
  "fields": {
    "pet": 8,
    "taste": 132
  },
  "model": "wizard.donts",
  "pk": 47
},
{
  "fields": {
    "pet": 8,
    "taste": 149
  },
  "model": "wizard.donts",
  "pk": 48
},
{
  "fields": {
    "pet": 9,
    "taste": 83
  },
  "model": "wizard.donts",
  "pk": 49
},
{
  "fields": {
    "pet": 9,
    "taste": 97
  },
  "model": "wizard.donts",
  "pk": 50
},
{
  "fields": {
    "pet": 9,
    "taste": 115
  },
  "model": "wizard.donts",
  "pk": 51
},
{
  "fields": {
    "pet": 9,
    "taste": 131
  },
  "model": "wizard.donts",
  "pk": 52
},
{
  "fields": {
    "pet": 9,
    "taste": 147
  },
  "model": "wizard.donts",
  "pk": 53
},
{
  "fields": {
    "pet": 9,
    "taste": 148
  },
  "model": "wizard.donts",
  "pk": 54
},
{
  "fields": {
    "pet": 6,
    "taste": 97
  },
  "model": "wizard.donts",
  "pk": 58
},
{
  "fields": {
    "pet": 6,
    "taste": 98
  },
  "model": "wizard.donts",
  "pk": 59
},
{
  "fields": {
    "pet": 6,
    "taste": 100
  },
  "model": "wizard.donts",
  "pk": 60
},
{
  "fields": {
    "pet": 6,
    "taste": 102
  },
  "model": "wizard.donts",
  "pk": 61
},
{
  "fields": {
    "pet": 6,
    "taste": 105
  },
  "model": "wizard.donts",
  "pk": 62
},
{
  "fields": {
    "pet": 26,
    "taste": 83
  },
  "model": "wizard.donts",
  "pk": 63
},
{
  "fields": {
    "pet": 26,
    "taste": 91
  },
  "model": "wizard.donts",
  "pk": 64
},
{
  "fields": {
    "pet": 8,
    "taste": 84
  },
  "model": "wizard.donts",
  "pk": 65
},
{
  "fields": {
    "pet": 8,
    "taste": 91
  },
  "model": "wizard.donts",
  "pk": 66
},
{
  "fields": {
    "pet": 26,
    "taste": 109
  },
  "model": "wizard.donts",
  "pk": 67
},
{
  "fields": {
    "pet": 26,
    "taste": 161
  },
  "model": "wizard.donts",
  "pk": 68
},
{
  "fields": {
    "pet": 26,
    "taste": 163
  },
  "model": "wizard.donts",
  "pk": 69
},
{
  "fields": {
    "sku": "EEND0002",
    "name": "Eendennekken",
    "weight": "0.25",
    "shelf": "BINNENCEL",
    "smaak": 98,
    "vlees": 7,
    "qty": 38,
    "kat_hond": "Beide",
    "verpakking": 2
  },
  "model": "wizard.product",
  "pk": 802
},
{
  "fields": {
    "sku": "ZALM0001",
    "name": "Zalm - Kop",
    "weight": "0.5",
    "shelf": "BINNENCEL",
    "smaak": 95,
    "vlees": 3,
    "qty": 20,
    "kat_hond": "HOND",
    "verpakking": 1
  },
  "model": "wizard.product",
  "pk": 803
},
{
  "fields": {
    "sku": "ZALM0003",
    "name": "Zalm - Lijf - middel - 250g",
    "weight": "0.25",
    "shelf": "BINNENCEL",
    "smaak": 92,
    "vlees": 3,
    "qty": 100,
    "kat_hond": "HOND",
    "verpakking": 1
  },
  "model": "wizard.product",
  "pk": 804
},
{
  "fields": {
    "sku": "KABE0003",
    "name": "Kabeljauw - Lijf - middel - 250g",
    "weight": "0.225",
    "shelf": "BINNENCEL",
    "smaak": 84,
    "vlees": 3,
    "qty": 20,
    "kat_hond": "HOND",
    "verpakking": 1
  },
  "model": "wizard.product",
  "pk": 805
},
{
  "fields": {
    "sku": "KABE0004",
    "name": "Kabeljauw - Lijf - klein - 100g",
    "weight": "0.125",
    "shelf": "BINNENCEL",
    "smaak": 84,
    "vlees": 3,
    "qty": 20,
    "kat_hond": "Beide",
    "verpakking": 1
  },
  "model": "wizard.product",
  "pk": 806
},
{
  "fields": {
    "sku": "KABE0001",
    "name": "Kabeljauw - Kop",
    "weight": "0.75",
    "shelf": "BINNENCEL",
    "smaak": 93,
    "vlees": 3,
    "qty": 19,
    "kat_hond": "HOND",
    "verpakking": 1
  },
  "model": "wizard.product",
  "pk": 807
},
{
  "fields": {
    "sku": "KIP0003",
    "name": "Kipkarkas - kwart - 75- 100 gram",
    "weight": "0.075",
    "shelf": "BINNENCEL",
    "smaak": 102,
    "vlees": 7,
    "qty": 80,
    "kat_hond": "Beide",
    "verpakking": 1
  },
  "model": "wizard.product",
  "pk": 808
},
{
  "fields": {
    "sku": "KIP0004",
    "name": "Kipkarkas - groot- 300 gram",
    "weight": "0.3",
    "shelf": "BINNENCEL",
    "smaak": 102,
    "vlees": 7,
    "qty": 7,
    "kat_hond": "HOND",
    "verpakking": 1
  },
  "model": "wizard.product",
  "pk": 809
},
{
  "fields": {
    "sku": "KIP0005",
    "name": "Kipkarkas - heel (klein) - 100- 120 g",
    "weight": "0.15",
    "shelf": "BINNENCEL",
    "smaak": 102,
    "vlees": 7,
    "qty": 50,
    "kat_hond": "Beide",
    "verpakking": 1
  },
  "model": "wizard.product",
  "pk": 810
},
{
  "fields": {
    "sku": "KIP0002",
    "name": "Kippenmaagjes - 150 gram",
    "weight": "0.15",
    "shelf": "ORGAANBANK",
    "smaak": 131,
    "vlees": 14,
    "qty": 60,
    "kat_hond": "Beide",
    "verpakking": 1
  },
  "model": "wizard.product",
  "pk": 811
},
{
  "fields": {
    "sku": "EEND0011",
    "name": "Eendenkarkas - half - 240 gram",
    "weight": "0.24",
    "shelf": "BINNENCEL",
    "smaak": 98,
    "vlees": 7,
    "qty": 60,
    "kat_hond": "HOND",
    "verpakking": 1
  },
  "model": "wizard.product",
  "pk": 812
},
{
  "fields": {
    "sku": "KONIJN0002",
    "name": "Konijn karkas- half",
    "weight": "0.35",
    "shelf": "BINNENCEL",
    "smaak": 112,
    "vlees": 12,
    "qty": 70,
    "kat_hond": "Beide",
    "verpakking": 1
  },
  "model": "wizard.product",
  "pk": 813
},
{
  "fields": {
    "sku": "KONIJN0003",
    "name": "Konijn karkas-Heel- 550 gram",
    "weight": "0.55",
    "shelf": "BINNENCEL",
    "smaak": 112,
    "vlees": 12,
    "qty": 55,
    "kat_hond": "HOND",
    "verpakking": 1
  },
  "model": "wizard.product",
  "pk": 814
},
{
  "fields": {
    "sku": "REE0001",
    "name": "Ree spiervlees - 250 gram",
    "weight": "0.25",
    "shelf": "BINNENCEL",
    "smaak": 108,
    "vlees": 6,
    "qty": 25,
    "kat_hond": "Beide",
    "verpakking": 1
  },
  "model": "wizard.product",
  "pk": 815
},
{
  "fields": {
    "sku": "REE0002",
    "name": "Ree spiervlees - 500 gram",
    "weight": "0.5",
    "shelf": "BINNENCEL",
    "smaak": 108,
    "vlees": 6,
    "qty": 62,
    "kat_hond": "Beide",
    "verpakking": 1
  },
  "model": "wizard.product",
  "pk": 816
},
{
  "fields": {
    "sku": "FAZANT0001",
    "name": "Fazant karkas met organen",
    "weight": "0.8",
    "shelf": "BINNENCEL",
    "smaak": 99,
    "vlees": 13,
    "qty": 27,
    "kat_hond": "HOND",
    "verpakking": 1
  },
  "model": "wizard.product",
  "pk": 817
},
{
  "fields": {
    "sku": "KIP0010",
    "name": "Kippennekken - 6 stuks",
    "weight": "0.25",
    "shelf": "BINNENCEL",
    "smaak": 102,
    "vlees": 7,
    "qty": 82,
    "kat_hond": "Beide",
    "verpakking": 6
  },
  "model": "wizard.product",
  "pk": 818
},
{
  "fields": {
    "sku": "PARELHOENKARKAS",
    "name": "Parelhoenkarkas",
    "weight": "0.2",
    "shelf": "BINNENCEL",
    "smaak": 104,
    "vlees": 12,
    "qty": 51,
    "kat_hond": "Beide",
    "verpakking": 1
  },
  "model": "wizard.product",
  "pk": 819
},
{
  "fields": {
    "sku": "KIPPENMAAGJES",
    "name": "Kippenmaagjes",
    "weight": "0.15",
    "shelf": "ORGAANBANK",
    "smaak": 131,
    "vlees": 14,
    "qty": 65,
    "kat_hond": "Beide",
    "verpakking": 1
  },
  "model": "wizard.product",
  "pk": 820
},
{
  "fields": {
    "sku": "KIPPENHARTJES",
    "name": "Kippenhartjes",
    "weight": "0.15",
    "shelf": "ORGAANBANK",
    "smaak": 115,
    "vlees": 14,
    "qty": 100,
    "kat_hond": "Beide",
    "verpakking": 1
  },
  "model": "wizard.product",
  "pk": 821
},
{
  "fields": {
    "sku": "EENDENKARKAS",
    "name": "Eendenkarkas (tam)",
    "weight": "0.13",
    "shelf": "BINNENCEL",
    "smaak": 98,
    "vlees": 8,
    "qty": 99,
    "kat_hond": "HOND",
    "verpakking": 1
  },
  "model": "wizard.product",
  "pk": 822
},
{
  "fields": {
    "sku": "EENDENHARTEN",
    "name": "Eendenhartjes",
    "weight": "0.15",
    "shelf": "ORGAANBANK",
    "smaak": 158,
    "vlees": 14,
    "qty": 40,
    "kat_hond": "Beide",
    "verpakking": 1
  },
  "model": "wizard.product",
  "pk": 823
},
{
  "fields": {
    "sku": "EENDENMAGEN",
    "name": "Eendenmaagjes",
    "weight": "0.15",
    "shelf": "ORGAANBANK",
    "smaak": 159,
    "vlees": 14,
    "qty": 15,
    "kat_hond": "Beide",
    "verpakking": 1
  },
  "model": "wizard.product",
  "pk": 824
},
{
  "fields": {
    "sku": "RUNDERKOPHUID",
    "name": "Runderkop vlees",
    "weight": "0.25",
    "shelf": "BINNENCEL",
    "smaak": 109,
    "vlees": 6,
    "qty": 83,
    "kat_hond": "Beide",
    "verpakking": 1
  },
  "model": "wizard.product",
  "pk": 825
},
{
  "fields": {
    "sku": "RUNDERHART",
    "name": "Runderhart",
    "weight": "0.5",
    "shelf": "ORGAANBANK",
    "smaak": 119,
    "vlees": 14,
    "qty": 46,
    "kat_hond": "Beide",
    "verpakking": 1
  },
  "model": "wizard.product",
  "pk": 826
},
{
  "fields": {
    "sku": "HERT250GRAM",
    "name": "Hert spiervlees - 250 gram",
    "weight": "0.25",
    "shelf": "BINNENCEL",
    "smaak": 106,
    "vlees": 6,
    "qty": 25,
    "kat_hond": "Beide",
    "verpakking": 1
  },
  "model": "wizard.product",
  "pk": 827
},
{
  "fields": {
    "sku": "HERT500GRAM",
    "name": "Hert spiervlees - 500 gram",
    "weight": "0.5",
    "shelf": "BINNENCEL",
    "smaak": 106,
    "vlees": 6,
    "qty": 32,
    "kat_hond": "HOND",
    "verpakking": 1
  },
  "model": "wizard.product",
  "pk": 828
},
{
  "fields": {
    "sku": "PATRIJSKARKAS",
    "name": "Patrijs - Karkas met orgaan",
    "weight": "0.225",
    "shelf": "BINNENCEL",
    "smaak": 105,
    "vlees": 12,
    "qty": 99,
    "kat_hond": "Beide",
    "verpakking": 1
  },
  "model": "wizard.product",
  "pk": 829
},
{
  "fields": {
    "sku": "PUURZALM",
    "name": "Puur zalm - Petsfish",
    "weight": "0.5",
    "shelf": "BINNENCEL",
    "smaak": 92,
    "vlees": 4,
    "qty": 4,
    "kat_hond": "Beide",
    "verpakking": 1
  },
  "model": "wizard.product",
  "pk": 830
},
{
  "fields": {
    "sku": "DUIF-05",
    "name": "Duifkarkas met orgaan - per 3 stuks",
    "weight": "0.4",
    "shelf": "BINNENCEL",
    "smaak": 97,
    "vlees": 12,
    "qty": 100,
    "kat_hond": "Beide",
    "verpakking": 3
  },
  "model": "wizard.product",
  "pk": 831
},
{
  "fields": {
    "sku": "KWARTEL-05",
    "name": "Kwartelkarkas met orgaan - per 5 stuks",
    "weight": "0.4",
    "shelf": "BINNENCEL",
    "smaak": 103,
    "vlees": 11,
    "qty": 93,
    "kat_hond": "Beide",
    "verpakking": 5
  },
  "model": "wizard.product",
  "pk": 832
},
{
  "fields": {
    "sku": "BOSDUIFZUIVER",
    "name": "Bosduif  - enkelvoudige maling",
    "weight": "0.25",
    "shelf": "PARIS",
    "smaak": 97,
    "vlees": 15,
    "qty": 180,
    "kat_hond": "Beide",
    "verpakking": 1
  },
  "model": "wizard.product",
  "pk": 833
},
{
  "fields": {
    "sku": "HAASKARKAS",
    "name": "OerVoer - Haaskarkas",
    "weight": "0.2",
    "shelf": "BINNENCEL",
    "smaak": 111,
    "vlees": 9,
    "qty": 100,
    "kat_hond": "HOND",
    "verpakking": 1
  },
  "model": "wizard.product",
  "pk": 834
},
{
  "fields": {
    "sku": "RUNDERLEVER",
    "name": "Runderlever",
    "weight": "0.15",
    "shelf": "ORGAANBANK",
    "smaak": 127,
    "vlees": 14,
    "qty": 96,
    "kat_hond": "Beide",
    "verpakking": 1
  },
  "model": "wizard.product",
  "pk": 835
},
{
  "fields": {
    "sku": "RUNDHART",
    "name": "Runderhart",
    "weight": "0.15",
    "shelf": "ORGAANBANK",
    "smaak": 109,
    "vlees": 14,
    "qty": 76,
    "kat_hond": "Beide",
    "verpakking": 1
  },
  "model": "wizard.product",
  "pk": 836
},
{
  "fields": {
    "sku": "RUNDHALS",
    "name": "Rund - gemalen halsvlees",
    "weight": "0.15",
    "shelf": "BINNENCEL",
    "smaak": 109,
    "vlees": 6,
    "qty": 100,
    "kat_hond": "Beide",
    "verpakking": 1
  },
  "model": "wizard.product",
  "pk": 837
},
{
  "fields": {
    "sku": "HAASMALING/500",
    "name": "Zuiver Haas - enkelvoudige maling",
    "weight": "0.5",
    "shelf": "PARIS",
    "smaak": 111,
    "vlees": 15,
    "qty": 25,
    "kat_hond": "Beide",
    "verpakking": 1
  },
  "model": "wizard.product",
  "pk": 838
},
{
  "fields": {
    "sku": "KONIJNMALING/500",
    "name": "Zuiver Konijn - enkelvoudige maling",
    "weight": "0.5",
    "shelf": "PARIS",
    "smaak": 112,
    "vlees": 15,
    "qty": 97,
    "kat_hond": "Beide",
    "verpakking": 1
  },
  "model": "wizard.product",
  "pk": 839
},
{
  "fields": {
    "sku": "EENDMALING/500",
    "name": "Eend - enkelvoudige maling - 500 gram",
    "weight": "0.5",
    "shelf": "PARIS",
    "smaak": 98,
    "vlees": 15,
    "qty": 77,
    "kat_hond": "Beide",
    "verpakking": 1
  },
  "model": "wizard.product",
  "pk": 840
},
{
  "fields": {
    "sku": "EENDMALING/250",
    "name": "Eend - enkelvoudige maling - 250 gram",
    "weight": "0.25",
    "shelf": "PARIS",
    "smaak": 98,
    "vlees": 15,
    "qty": 80,
    "kat_hond": "Beide",
    "verpakking": 1
  },
  "model": "wizard.product",
  "pk": 841
},
{
  "fields": {
    "sku": "KIPMALING/250",
    "name": "Zuiver Kip  - enkelvoudige maling - 250 gram",
    "weight": "0.25",
    "shelf": "PARIS",
    "smaak": 102,
    "vlees": 15,
    "qty": 82,
    "kat_hond": "Beide",
    "verpakking": 1
  },
  "model": "wizard.product",
  "pk": 842
},
{
  "fields": {
    "sku": "KIPMALING/500",
    "name": "Zuiver Kip  - enkelvoudige maling - 500 gram",
    "weight": "0.5",
    "shelf": "PARIS",
    "smaak": 102,
    "vlees": 15,
    "qty": 299,
    "kat_hond": "HOND",
    "verpakking": 1
  },
  "model": "wizard.product",
  "pk": 843
},
{
  "fields": {
    "sku": "LAMPENSGEMALEN/250",
    "name": "OerVoer Lamspens - Gemalen - 250 gram",
    "weight": "0.25",
    "shelf": "ORGAANBANK",
    "smaak": 148,
    "vlees": 5,
    "qty": 100,
    "kat_hond": "HOND",
    "verpakking": 1
  },
  "model": "wizard.product",
  "pk": 844
},
{
  "fields": {
    "sku": "LAMPENSGEMALEN/500",
    "name": "OerVoer Lamspens - Gemalen - 500 gram",
    "weight": "0.5",
    "shelf": "ORGAANBANK",
    "smaak": 148,
    "vlees": 5,
    "qty": 50,
    "kat_hond": "HOND",
    "verpakking": 1
  },
  "model": "wizard.product",
  "pk": 845
},
{
  "fields": {
    "sku": "RUNDPENS/500",
    "name": "OerVoer Rundpens - 500 ",
    "weight": "0.5",
    "shelf": "ORGAANBANK",
    "smaak": 149,
    "vlees": 5,
    "qty": 57,
    "kat_hond": "HOND",
    "verpakking": 1
  },
  "model": "wizard.product",
  "pk": 846
},
{
  "fields": {
    "sku": "FAZANTMIX/250",
    "name": "Fazant - enkelvoudige maling - 250 gram",
    "weight": "0.25",
    "shelf": "PARIS",
    "smaak": 99,
    "vlees": 15,
    "qty": 79,
    "kat_hond": "Beide",
    "verpakking": 1
  },
  "model": "wizard.product",
  "pk": 847
},
{
  "fields": {
    "sku": "FAZANTMIX/500",
    "name": "Fazant - enkelvoudige maling - 500 gram",
    "weight": "0.5",
    "shelf": "PARIS",
    "smaak": 99,
    "vlees": 15,
    "qty": 80,
    "kat_hond": "Beide",
    "verpakking": 1
  },
  "model": "wizard.product",
  "pk": 848
},
{
  "fields": {
    "sku": "GEITMIX/500",
    "name": "Geit - OerVoer Zuiver - enkelvoudige maling - 500 gram",
    "weight": "0.5",
    "shelf": "PARIS",
    "smaak": 110,
    "vlees": 15,
    "qty": 21,
    "kat_hond": "HOND",
    "verpakking": 1
  },
  "model": "wizard.product",
  "pk": 849
},
{
  "fields": {
    "sku": "FAZANTSTICKS",
    "name": "Fazant Drumsticks",
    "weight": "0.18",
    "shelf": "BINNENCEL",
    "smaak": 99,
    "vlees": 9,
    "qty": 76,
    "kat_hond": "Beide",
    "verpakking": 3
  },
  "model": "wizard.product",
  "pk": 850
},
{
  "fields": {
    "sku": "GEITMALING/250",
    "name": "Geit - Enkelvoudige maling - 250 gram",
    "weight": "0.25",
    "shelf": "PARIS",
    "smaak": 110,
    "vlees": 15,
    "qty": 186,
    "kat_hond": "Beide",
    "verpakking": 1
  },
  "model": "wizard.product",
  "pk": 851
},
{
  "fields": {
    "sku": "KALKOENZUIVER/250",
    "name": "Kalkoen - OerVoer Zuiver - Enkelvoudige maling - 250 gram",
    "weight": "0.25",
    "shelf": "PARIS",
    "smaak": 101,
    "vlees": 15,
    "qty": 85,
    "kat_hond": "Beide",
    "verpakking": 1
  },
  "model": "wizard.product",
  "pk": 852
},
{
  "fields": {
    "sku": "HAASMALING/250",
    "name": "Haas - OerVoer Zuiver - enkelvoudige maling",
    "weight": "0.25",
    "shelf": "PARIS",
    "smaak": 111,
    "vlees": 15,
    "qty": 700,
    "kat_hond": "Beide",
    "verpakking": 1
  },
  "model": "wizard.product",
  "pk": 853
},
{
  "fields": {
    "sku": "KALKOENZUIVER/500",
    "name": "Kalkoen - OerVoer Zuiver - Enkelvoudige maling - 500 gram",
    "weight": "0.5",
    "shelf": "PARIS",
    "smaak": 101,
    "vlees": 15,
    "qty": 57,
    "kat_hond": "Beide",
    "verpakking": 1
  },
  "model": "wizard.product",
  "pk": 854
},
{
  "fields": {
    "sku": "ZUIVERLAM/250",
    "name": "Lam - OerVoer Zuiver - Enkelvoudige maling - 250 gram",
    "weight": "0.25",
    "shelf": "PARIS",
    "smaak": 113,
    "vlees": 15,
    "qty": 89,
    "kat_hond": "Beide",
    "verpakking": 1
  },
  "model": "wizard.product",
  "pk": 855
},
{
  "fields": {
    "sku": "ZUIVERLAM/500",
    "name": "Lam - OerVoer Zuiver - Enkelvoudige maling - 500 gram",
    "weight": "0.5",
    "shelf": "PARIS",
    "smaak": 113,
    "vlees": 15,
    "qty": 57,
    "kat_hond": "Beide",
    "verpakking": 1
  },
  "model": "wizard.product",
  "pk": 856
},
{
  "fields": {
    "sku": "OZGEITENPENS/250",
    "name": "Geitenpens - OerVoer Zuiver",
    "weight": "0.25",
    "shelf": "BINNENCEL",
    "smaak": 150,
    "vlees": 5,
    "qty": 83,
    "kat_hond": "HOND",
    "verpakking": 1
  },
  "model": "wizard.product",
  "pk": 857
},
{
  "fields": {
    "sku": "RUNDZUIVER/250",
    "name": "Rund - Zuiver - OerVoer - 250 gram",
    "weight": "0.25",
    "shelf": "PARIS",
    "smaak": 109,
    "vlees": 15,
    "qty": 42,
    "kat_hond": "Beide",
    "verpakking": 1
  },
  "model": "wizard.product",
  "pk": 858
},
{
  "fields": {
    "sku": "RUNDZUIVER/500",
    "name": "Rund - Zuiver - OerVoer - 500 gram",
    "weight": "0.5",
    "shelf": "PARIS",
    "smaak": 109,
    "vlees": 15,
    "qty": 100,
    "kat_hond": "Beide",
    "verpakking": 1
  },
  "model": "wizard.product",
  "pk": 859
},
{
  "fields": {
    "sku": "WGANSZUIVER/250",
    "name": "Gans (Wild) - OerVoer Zuiver - 250 gram",
    "weight": "0.25",
    "shelf": "PARIS",
    "smaak": 100,
    "vlees": 15,
    "qty": 99,
    "kat_hond": "Beide",
    "verpakking": 1
  },
  "model": "wizard.product",
  "pk": 860
},
{
  "fields": {
    "sku": "LAMSHART/150",
    "name": "Lam - Hart",
    "weight": "0.15",
    "shelf": "ORGAANBANK",
    "smaak": 113,
    "vlees": 14,
    "qty": 50,
    "kat_hond": "Beide",
    "verpakking": 1
  },
  "model": "wizard.product",
  "pk": 861
},
{
  "fields": {
    "sku": "LAMLEVER/100",
    "name": "Lam - Lever",
    "weight": "0.1",
    "shelf": "ORGAANBANK",
    "smaak": 113,
    "vlees": 14,
    "qty": 10,
    "kat_hond": "KAT&HOND",
    "verpakking": 1
  },
  "model": "wizard.product",
  "pk": 862
},
{
  "fields": {
    "sku": "EENDBOTMALING/250",
    "name": "Eend - Botmaling",
    "weight": "0.25",
    "shelf": "BINNENCEL",
    "smaak": 98,
    "vlees": 7,
    "qty": 80,
    "kat_hond": "Beide",
    "verpakking": 1
  },
  "model": "wizard.product",
  "pk": 863
},
{
  "fields": {
    "sku": "GEITKARKAS",
    "name": "Geitkarkas",
    "weight": "0.25",
    "shelf": "BINNENCEL",
    "smaak": 110,
    "vlees": 9,
    "qty": 60,
    "kat_hond": "HOND",
    "verpakking": 1
  },
  "model": "wizard.product",
  "pk": 864
},
{
  "fields": {
    "sku": "HERTNEK",
    "name": "Hertennekken",
    "weight": "0.3",
    "shelf": "BINNENCEL",
    "smaak": 106,
    "vlees": 9,
    "qty": 20,
    "kat_hond": "HOND",
    "verpakking": 1
  },
  "model": "wizard.product",
  "pk": 865
},
{
  "fields": {
    "sku": "REENEK/200",
    "name": "Reenekken",
    "weight": "0.2",
    "shelf": "BINNENCEL",
    "smaak": 108,
    "vlees": 9,
    "qty": 60,
    "kat_hond": "HOND",
    "verpakking": 1
  },
  "model": "wizard.product",
  "pk": 866
},
{
  "fields": {
    "sku": "KIPLEVER/60",
    "name": "Kip - Lever",
    "weight": "0.06",
    "shelf": "ORGAANBANK",
    "smaak": 123,
    "vlees": 14,
    "qty": 100,
    "kat_hond": "Beide",
    "verpakking": 1
  },
  "model": "wizard.product",
  "pk": 867
},
{
  "fields": {
    "sku": "HAASHERT/500",
    "name": "Haas/Hert - OerVoer Zuiver -500 gram",
    "weight": "0.5",
    "shelf": "PARIS",
    "smaak": 160,
    "vlees": 15,
    "qty": 100,
    "kat_hond": "Beide",
    "verpakking": 1
  },
  "model": "wizard.product",
  "pk": 868
},
{
  "fields": {
    "sku": "KIPBORREL",
    "name": "Kip - Borrelpootjes",
    "weight": "0.18",
    "shelf": "BINNENCEL",
    "smaak": 102,
    "vlees": 7,
    "qty": 80,
    "kat_hond": "Beide",
    "verpakking": 3
  },
  "model": "wizard.product",
  "pk": 869
},
{
  "fields": {
    "sku": "GEITORGAANMIX",
    "name": "Geitorgaan, maling",
    "weight": "0.15",
    "shelf": "PARIS",
    "smaak": 110,
    "vlees": 14,
    "qty": 99,
    "kat_hond": "Beide",
    "verpakking": 1
  },
  "model": "wizard.product",
  "pk": 870
},
{
  "fields": {
    "sku": "OZGEITENPENS/500",
    "name": "Geitenpens - OerVoer Zuiver - 500 gram",
    "weight": "0.5",
    "shelf": "BINNENCEL",
    "smaak": 150,
    "vlees": 5,
    "qty": 100,
    "kat_hond": "HOND",
    "verpakking": 1
  },
  "model": "wizard.product",
  "pk": 871
},
{
  "fields": {
    "sku": "RUNDPENS/250",
    "name": "OerVoer Rundpens - 250",
    "weight": "0.25",
    "shelf": "BINNENCEL",
    "smaak": 149,
    "vlees": 5,
    "qty": 70,
    "kat_hond": "HOND",
    "verpakking": 1
  },
  "model": "wizard.product",
  "pk": 872
},
{
  "fields": {
    "sku": "HERTLEVER",
    "name": "Hert - Lever",
    "weight": "0.125",
    "shelf": "ORGAANBANK",
    "smaak": 125,
    "vlees": 14,
    "qty": 3,
    "kat_hond": "Beide",
    "verpakking": 1
  },
  "model": "wizard.product",
  "pk": 873
},
{
  "fields": {
    "sku": "HARING/100",
    "name": "Haring - 2 stuks - 100 gram",
    "weight": "0.1",
    "shelf": "BINNENCEL",
    "smaak": 85,
    "vlees": 3,
    "qty": 20,
    "kat_hond": "Beide",
    "verpakking": 2
  },
  "model": "wizard.product",
  "pk": 876
},
{
  "fields": {
    "sku": "HARING/250",
    "name": "Haring - 5 stuks - 250 gram",
    "weight": "0.25",
    "shelf": "BINNENCEL",
    "smaak": 85,
    "vlees": 3,
    "qty": 20,
    "kat_hond": "Beide",
    "verpakking": 1
  },
  "model": "wizard.product",
  "pk": 877
},
{
  "fields": {
    "sku": "KIPHART/50",
    "name": "Kippenhartjes - 50 gram",
    "weight": "0.05",
    "shelf": "",
    "smaak": 115,
    "vlees": 14,
    "qty": 80,
    "kat_hond": "Beide",
    "verpakking": 1
  },
  "model": "wizard.product",
  "pk": 878
},
{
  "fields": {
    "sku": "KIPMAAG/50",
    "name": "Kippenmaagjes - 50 gram",
    "weight": "0.05",
    "shelf": "",
    "smaak": 131,
    "vlees": 14,
    "qty": 80,
    "kat_hond": "Beide",
    "verpakking": 1
  },
  "model": "wizard.product",
  "pk": 879
},
{
  "fields": {
    "sku": "EENDMAAG/50",
    "name": "Eendenmaagjes - 50 gram",
    "weight": "0.05",
    "shelf": "",
    "smaak": 159,
    "vlees": 14,
    "qty": 80,
    "kat_hond": "Beide",
    "verpakking": 1
  },
  "model": "wizard.product",
  "pk": 880
},
{
  "fields": {
    "sku": "EENDHART/50",
    "name": "Eendenhartjes - 50 gram",
    "weight": "0.05",
    "shelf": "",
    "smaak": 158,
    "vlees": 14,
    "qty": 50,
    "kat_hond": "Beide",
    "verpakking": 1
  },
  "model": "wizard.product",
  "pk": 881
},
{
  "fields": {
    "sku": "ROODBAARS/KOP",
    "name": "Roodbaars - Kop",
    "weight": "0.5",
    "shelf": "",
    "smaak": 94,
    "vlees": 3,
    "qty": 20,
    "kat_hond": "HOND",
    "verpakking": 1
  },
  "model": "wizard.product",
  "pk": 882
},
{
  "fields": {
    "sku": "HEEKZUIVER/250",
    "name": "Heek - OerVoer Zuiver - 250 gram",
    "weight": "0.25",
    "shelf": "",
    "smaak": 96,
    "vlees": 4,
    "qty": 80,
    "kat_hond": "Beide",
    "verpakking": 1
  },
  "model": "wizard.product",
  "pk": 883
},
{
  "fields": {
    "sku": "GEITENVLEES/150",
    "name": "Geitenvlees",
    "weight": "0.15",
    "shelf": "BUITENCELL",
    "smaak": 110,
    "vlees": 6,
    "qty": 30,
    "kat_hond": "KAT&HOND",
    "verpakking": 1
  },
  "model": "wizard.product",
  "pk": 884
},
{
  "fields": {
    "sku": "SCHAAPVLEES/500",
    "name": "Schapenvlees",
    "weight": "0.5",
    "shelf": "",
    "smaak": 114,
    "vlees": 6,
    "qty": 100,
    "kat_hond": "HOND",
    "verpakking": 1
  },
  "model": "wizard.product",
  "pk": 885
},
{
  "fields": {
    "sku": "SARDIEN/1",
    "name": "Sardien - per stuk",
    "weight": "0.08",
    "shelf": "",
    "smaak": 162,
    "vlees": 3,
    "qty": 50,
    "kat_hond": "Beide",
    "verpakking": 1
  },
  "model": "wizard.product",
  "pk": 886
},
{
  "fields": {
    "sku": "SARDIEN/3",
    "name": "Sardien - per 3 stuks",
    "weight": "0.24",
    "shelf": "",
    "smaak": 162,
    "vlees": 3,
    "qty": 50,
    "kat_hond": "Beide",
    "verpakking": 3
  },
  "model": "wizard.product",
  "pk": 887
},
{
  "fields": {
    "sku": "SCHAAPNIER",
    "name": "Schapennieren",
    "weight": "0.17",
    "shelf": "BUITENCELL",
    "smaak": 146,
    "vlees": 14,
    "qty": 13,
    "kat_hond": "HOND",
    "verpakking": 1
  },
  "model": "wizard.product",
  "pk": 888
},
{
  "fields": {
    "sku": "SCHAAPHART",
    "name": "Schapenhart",
    "weight": "0.15",
    "shelf": "",
    "smaak": 122,
    "vlees": 14,
    "qty": 7,
    "kat_hond": "HOND",
    "verpakking": 1
  },
  "model": "wizard.product",
  "pk": 889
},
{
  "fields": {
    "sku": "SCHAAPLEVER",
    "name": "Schapenlever",
    "weight": "0.15",
    "shelf": "",
    "smaak": 130,
    "vlees": 14,
    "qty": 7,
    "kat_hond": "HOND",
    "verpakking": 1
  },
  "model": "wizard.product",
  "pk": 890
},
{
  "fields": {
    "status": "PRE",
    "date": "2015-04-15",
    "order": 2739,
    "brief": "a"
  },
  "model": "wizard.delivery",
  "pk": 2
},
{
  "fields": {
    "delivery": 2,
    "product": 827,
    "number": 1
  },
  "model": "wizard.picklist",
  "pk": 3
}
]
